id,first_name,last_name
1,Coleman,Tomisch
2,Brittni,Murdie
3,Lalo,Lenglet
4,Suki,Colebrook
5,Debee,Garlick
6,Lilian,Robertsson
7,Perle,Worshall
8,Willard,Klejin
9,Sherill,Duchatel
10,Kayle,Folds
11,Alaine,Squibb
12,Sanders,Burchill
13,Albrecht,Croson
14,Rocky,Byart
15,Lindsey,Cool
16,Carley,Hallford
17,Kelcy,Yter
18,Henryetta,Phittiplace
19,Arlyne,Marcinkus
20,Sibylla,Mackett
21,Kale,Manktelow
22,Brnaby,Excell
23,Ketti,Eisikowitch
24,Arlina,Lantaph
25,Gale,Stump
26,Bonny,Quibell
27,Willie,McNiff
28,Keir,Clilverd
29,Monica,Emps
30,Nessie,Meier
31,Carline,Bridgwood
32,Poul,McPharlain
33,Enos,Dorning
34,Aleece,Gumbley
35,Ev,Trapp
36,Alister,Camplen
37,Jobina,Kornas
38,Teodor,Lemme
39,Nesta,Stickland
40,Rowland,Murt
41,Jacquetta,Buff
42,Mellie,Ficken
43,Pat,Halburton
44,Morly,Allonby
45,Felisha,Ewins
46,Zachary,Giroldi
47,Randi,Argont
48,Rory,Verne
49,Donielle,Borg-Bartolo
50,Pauli,Moyes
51,Quintilla,Wardhaugh
52,Ajay,Willey
53,Erv,Cotton
54,Marijo,Dietzler
55,Louie,Lyvon
56,Finn,Bartoleyn
57,Karim,Frome
58,Eyde,Housego
59,Tabb,Saill
60,Baxie,Habberjam
61,Vonnie,Nancarrow
62,Darrel,Wych
63,Gideon,Dagg
64,Ardith,Champion
65,Idell,Aspinal
66,Yancey,Giacomini
67,Percy,MacGibbon
68,Waldemar,Shere
69,Lilla,Ossulton
70,Rivalee,Degoey
71,Klarika,Tasseler
72,Demeter,Perotti
73,Bryana,Manzell
74,Noami,Durno
75,Pierce,Neligan
76,Leonidas,Strangwood
77,Vina,Cobleigh
78,Rufe,Nijs
79,Debera,Peeke
80,Denver,Askey
81,Arlene,Langhorn
82,Korney,Jertz
83,Cy,Ambroziak
84,Ginevra,Jumonet
85,Norman,Plose
86,Hanson,Coultish
87,Elane,Devoy
88,Bernie,Stonner
89,Gothart,Bohan
90,Anny,Bourley
91,Jeni,Charer
92,Melodie,O' Neligan
93,Agatha,Westcott
94,Auria,Sedgebeer
95,Myrvyn,Kissock
96,El,Sindall
97,Veronica,Lotwich
98,Andree,Jahndel
99,Lonnie,Blackie
100,Celestine,Hamerton
101,Clarissa,Demanche
102,Theo,Ratcliff
103,Marthe,Orwell
104,Agretha,Scallan
105,Lexy,Tebald
106,Griz,Feathersby
107,Rafaela,Rafe
108,Josiah,Stoddart
109,Hugibert,Coules
110,Sissy,Craggs
111,Tammara,Surplice
112,Paquito,Stonham
113,Olga,Bathoe
114,Chelsea,Asals
115,Adriaens,Church
116,Ashlee,Ussher
117,Prissie,Whinney
118,Aigneis,Eglinton
119,Antonietta,Lamartine
120,Kristan,Blackster
121,Danika,Sprosson
122,Floris,Leebeter
123,Arvie,Penton
124,Rosmunda,Plumbe
125,Nevins,O'Doran
126,Shelley,Rawlyns
127,Eliza,Bettley
128,Konstantin,Grigoire
129,Joleen,Fearns
130,Morlee,Sleney
131,Ardys,Henstridge
132,Clarisse,Salvadore
133,Ronny,Bissill
134,Jack,Girton
135,Deane,Coushe
136,Far,Kibard
137,Scarlett,Belison
138,Greta,Annandale
139,Edgar,Evetts
140,Fawnia,Bane
141,Herbert,Cranage
142,Erina,Branford
143,Demetre,Jedraszczyk
144,Mitchell,Spalls
145,Ambros,Bleddon
146,Cicely,Childs
147,Bart,Maslen
148,Crawford,Tennock
149,Heindrick,Axston
150,Kelcie,Le Brom
151,Rodrick,Twinn
152,Analise,Dunbar
153,Indira,Loweth
154,Merralee,Seal
155,Lowe,Heinle
156,Gloriane,Czapla
157,Philly,Gostridge
158,Berkie,Longstaffe
159,Marybelle,Kubera
160,Meir,Newcomb
161,Mahala,Kosiada
162,Mark,Chestney
163,Tatiana,Girtin
164,Alberik,Dosdell
165,Ronnie,Peris
166,Brnaby,Duesbury
167,Lauryn,Fullstone
168,Laurette,De Souza
169,Francklin,Camois
170,Moyra,Coultish
171,Rayna,Pankhurst.
172,Starla,Omrod
173,Shantee,Winyard
174,Pippy,Swayne
175,Lucie,Averies
176,Carlo,Jamot
177,Dulsea,Thomen
178,Chelsea,Bernth
179,Paulo,Dunsmore
180,Mariette,MacSporran
181,Dall,Kingzet
182,Netti,Malter
183,Christophe,Mournian
184,Urbano,Basley
185,Arleta,Gregon
186,Neel,Ciottoi
187,Oliy,Millson
188,Kyla,Kilpatrick
189,Gayle,Whimp
190,Joly,Shewsmith
191,Judas,Schelle
192,Zollie,Poker
193,Maggee,Musgrove
194,Darcie,Shakesby
195,Barbette,Vinnick
196,Odelinda,Murphey
197,Janey,Rayment
198,Sammy,Rabbet
199,Ronna,Jacobowits
200,Palmer,Cluatt
201,Katlin,Bison
202,Howie,Burg
203,Rog,Whitley
204,Janis,Tyres
205,Rosalie,Unsworth
206,Mathian,Beswell
207,Abagail,Pietrusiak
208,Gareth,Mergue
209,Mirna,Groundwator
210,Dick,Lammas
211,Udall,Eckart
212,Clo,Moy
213,Boycie,Bramley
214,Gussy,Andreas
215,Elita,Bowld
216,Franciska,Lay
217,Danny,Luxton
218,Arlen,Paulley
219,Alistair,Blachford
220,Elene,Garden
221,Teodora,Grimbleby
222,Cherise,Quilliam
223,Jaquelin,Gillbe
224,Nollie,Dibnah
225,Rickert,Tointon
226,Kimmie,Davidzon
227,Quinn,Moughton
228,Brietta,Linkleter
229,Julietta,Mollin
230,Barbi,Schelle
231,Hyman,Harsnipe
232,Nikolia,Chilles
233,Lazaro,Brade
234,Parrnell,Sibly
235,Toinette,Ligertwood
236,Simon,Biskup
237,Norene,Newlin
238,Barbabas,Larimer
239,Aggy,Doolan
240,Verena,Dobrowolny
241,Loren,Fergusson
242,Tripp,Jikovsky
243,Alyss,Bridgwood
244,Linnie,Clavering
245,Tarah,Dolder
246,Lauren,Greene
247,Benny,Senechault
248,Avram,Claworth
249,Vic,Beddon
250,Morrie,Goodby
251,Belle,Everley
252,Jay,Becken
253,Zorah,Medina
254,Eunice,Chittim
255,Ashla,Segrave
256,Vladamir,Lahiff
257,Mose,McCooke
258,Willie,O'Connolly
259,Grove,Jewel
260,Shannon,Parfrey
261,Monica,Cristol
262,Camel,McMains
263,Stephi,Sharpous
264,Anna-maria,Dainter
265,Idette,Bowkley
266,Pamelina,Tysack
267,Slade,Rollason
268,Lock,Schriren
269,Caren,Hendrichs
270,Cheston,Jesson
271,Izzy,True
272,Odelle,Bendall
273,Adham,Farans
274,Delphinia,Pallis
275,Thedric,Palatini
276,Dino,Vasyagin
277,Eloise,Scimoni
278,Godiva,Sleite
279,Daryl,Meegin
280,Hyacinth,Dragge
281,Tibold,Gerasch
282,Johny,Warn
283,Morena,Oliphant
284,Winni,Allewell
285,Pierson,Portal
286,Min,Ferre
287,Erma,Papworth
288,Issiah,Lente
289,Elaina,Bernardelli
290,Marthena,Dumbleton
291,Jaquith,Cragell
292,Blair,Acome
293,Sheffy,Vescovini
294,Nomi,Eustis
295,Torre,Orpin
296,Fredek,Capron
297,Huntington,Skeermor
298,Johny,Lartice
299,Aubine,Cellone
300,Abra,Dyers
301,Jeramey,Pegden
302,Barnard,Ready
303,Michel,Reith
304,Harley,Beeswing
305,Jennie,Troppmann
306,Alexina,Harrison
307,Gennie,Geerling
308,Tuesday,Donn
309,Eben,Marcq
310,Andriette,Bebbell
311,Marley,Wrighton
312,Alta,Bernaert
313,Cordula,Pockey
314,Alanna,Sodor
315,Ruth,Miranda
316,Marys,Jobbins
317,Karrie,Kerwick
318,Charmian,Dzenisenka
319,Ailee,Reagan
320,Clarissa,Denson
321,Julia,Chazier
322,Cozmo,McKeowon
323,Karyn,Foreman
324,Rollins,Ismail
325,Reg,Praundl
326,Sherie,Jobe
327,Adora,Casebourne
328,Ginevra,Tweedie
329,Gaelan,Mainds
330,Tedda,Coxen
331,Claudian,Maker
332,Chryste,Bovis
333,Barny,Rembaud
334,Ulrica,Auchterlony
335,Reta,Finnick
336,Earlie,Judson
337,Rodie,Popley
338,Blayne,Westmarland
339,Reggie,Collaton
340,Rodie,Sworder
341,Hale,Killeen
342,Syd,Barrass
343,Vladamir,Oldale
344,Lulita,Easen
345,Carla,Woodyeare
346,Gladi,Mager
347,Martainn,Kiffin
348,Jacinda,Cleeves
349,Ealasaid,Farrans
350,Addy,Scala
351,Brnaby,Tuxsell
352,Boyce,Heyns
353,Bennie,Morrott
354,Ellen,MacGahy
355,Keir,Daventry
356,Elinore,Naismith
357,Lavena,Fipp
358,Dolorita,Larrie
359,Marge,Beddows
360,Ezequiel,Risebrow
361,Woodie,Alastair
362,Cristine,Jacquemard
363,Eadmund,Ebunoluwa
364,Eldin,Bamford
365,Orin,Ilyas
366,Trace,Faulkner
367,Anita,Scase
368,Vladamir,Riccelli
369,Brigit,Calles
370,Ivie,Pawlaczyk
371,Jonie,Bellsham
372,Faith,Hendrix
373,Audrye,Baldacchi
374,Devora,Pettisall
375,Lisa,Kaines
376,Shannan,Woodruff
377,Maud,Ferenczy
378,Thurston,Willmer
379,Adelind,Bunnell
380,Andy,Morant
381,Filberto,Kayes
382,Idaline,Beckhurst
383,Mahala,Oldford
384,Englebert,Heskey
385,Betsy,Windross
386,Nancy,Belsham
387,Lenci,Campes
388,Rance,Preble
389,Mohandis,Dolphin
390,Krissie,Dudden
391,Saunders,Canavan
392,Casie,Kenealy
393,Andres,Raftery
394,Ardath,Farnon
395,Em,Tomley
396,Lacey,Tantrum
397,Michell,Roeby
398,Damara,Hort
399,Renault,Gregolotti
400,Rafaello,Wharfe
401,Gerome,Blaxill
402,Harley,Crosetti
403,Izzy,Gealy
404,Rickie,Nardrup
405,Rebeka,Mars
406,Harrietta,Pollett
407,Graehme,Zink
408,Dede,Risbrough
409,Frederick,Coolican
410,Joshia,Roycroft
411,Hirsch,Ambrosoni
412,Ewell,Lange
413,Minta,Winsiowiecki
414,Danya,Gensavage
415,Valentino,Hanbidge
416,Fania,Vanderplas
417,Kearney,Crosse
418,Paloma,Gini
419,Sidney,Hendrickson
420,Merridie,Howson
421,Netti,Blythin
422,Heath,Bamlett
423,Elysee,Boughtflower
424,Angele,Tuddall
425,Maurizio,Howkins
426,Lisabeth,Jozefowicz
427,Jessamine,Duesberry
428,Antoni,Scranedge
429,Whitman,Nice
430,Florella,Mc Caughen
431,Clarabelle,Pittson
432,Auria,Freegard
433,Mylo,Van de Velde
434,Hyacinth,Voak
435,Reilly,Fiddler
436,Rahel,Rew
437,Letizia,Coniam
438,Chicky,Kiehne
439,Stella,Leban
440,Amara,Humes
441,Cassandra,Kingcote
442,Rania,Dissman
443,Kathrine,Brimble
444,Thorndike,Drinan
445,Emilee,Lucks
446,Tess,McCullock
447,Turner,Danko
448,Deva,Gouley
449,Kris,Bellward
450,Jeane,Dunlop
451,Tab,Spofford
452,Carroll,Benjafield
453,Wilhelm,Sercombe
454,Susanne,Vreede
455,Emilie,Joslyn
456,Nil,Dugall
457,Raye,Thome
458,Jonell,Reith
459,Somerset,Waterhous
460,Bengt,Wainman
461,Trix,Julyan
462,Gerrilee,Sapsforde
463,Jamil,Yuryaev
464,Sheree,Tennant
465,Amaleta,Esseby
466,Marthe,Moggan
467,Boy,Hackey
468,Gwenny,Elmes
469,Elnora,Demange
470,Mel,Ost
471,Boonie,Beaven
472,Catha,Bickley
473,Dominga,Eady
474,Florette,Trudgeon
475,Devlin,Sweedy
476,Sebastien,Stickells
477,Sergei,Ceyssen
478,Phil,Garnsworthy
479,Gaspar,Millions
480,Trip,Wisham
481,Darsie,Irdale
482,Shelagh,Readwin
483,Alissa,Daykin
484,Corrine,Winship
485,Rebecka,Doughill
486,Silvester,Hischke
487,Chandler,Davies
488,Kelci,Vasyukhichev
489,Tymothy,Lavallin
490,Sherie,Arlidge
491,Flor,Simkovich
492,Woodman,MacAnulty
493,Bruno,Kleinlerer
494,Olly,Saffe
495,Randie,Abdee
496,Coop,Saltern
497,Mitzi,Perago
498,Brendan,Harverson
499,Giff,Camellini
500,Debbie,Kuban
501,Nicolis,Keilloh
502,Ed,Claworth
503,Kirstin,Taffley
504,Dominique,Islep
505,Dore,Grealy
506,Barris,Pasque
507,Verne,Scourgie
508,Rosaleen,Charville
509,Roshelle,Queripel
510,Brandon,Garr
511,Bobine,Juste
512,Gwennie,Pedroni
513,Karola,Barker
514,Wynnie,Fidock
515,Darnall,Lyes
516,Candy,Bursnall
517,Clary,Nineham
518,Yancy,Arntzen
519,Gib,Etheridge
520,Donella,Sartain
521,Chase,Rubertelli
522,Scottie,Guislin
523,Georgette,MacLardie
524,Ibby,Goodrick
525,Berkeley,Kighly
526,Konstantin,Saunt
527,Marcelle,Sculpher
528,Cathryn,Farndale
529,Ashla,Udden
530,Rebekah,Burhill
531,Marten,Bilson
532,Corissa,Stolze
533,Pattie,Lazar
534,Ignace,Herety
535,Koren,Elegood
536,Forester,Adney
537,Elmo,Lung
538,Bryana,Maggorini
539,Hagen,Giddy
540,Rosabelle,Penticost
541,Terrel,Chape
542,Nicol,Trustrie
543,Valli,Pither
544,Brigg,Leades
545,Gaylene,Kuhle
546,Cati,Bafford
547,Deirdre,Coddrington
548,Jaine,Brixham
549,Tracy,Postan
550,Nerte,Tuft
551,Rad,Etoile
552,Alane,Esposito
553,Fianna,Preston
554,Benedikt,Stit
555,Vivien,Lohrensen
556,Izabel,Garralts
557,Tris,Shapera
558,Eberhard,Grogor
559,Trumann,Gatchel
560,Thomas,Mesnard
561,Torey,Tyler
562,Andreas,Kelston
563,Helaina,Werlock
564,Field,Glayzer
565,Guinna,Sallan
566,Phillipe,Batrick
567,Tandi,Kenderdine
568,Katie,Jarrel
569,Nertie,Osmond
570,Helge,Archbald
571,Orsola,Barthelemy
572,Lotta,Morphey
573,Rebecka,Armer
574,Andre,Hinzer
575,Obie,Kinnock
576,Zorine,Spataro
577,Waly,Wiley
578,Georgi,Mustill
579,Gus,Leafe
580,Benjie,Rothwell
581,Freda,Turbayne
582,Caren,Steedman
583,Katie,Elacoate
584,Kirsten,Tanslie
585,Nata,Simmons
586,Eartha,Middiff
587,Lefty,Sisey
588,Sisely,Thoumas
589,Putnam,Coo
590,Terry,Carrane
591,Reinaldo,McKechnie
592,Vallie,Jeaycock
593,Sheba,Petrovsky
594,Birch,Lavers
595,Kristien,Maeer
596,Rockwell,Manie
597,Kimmie,Boc
598,Ardith,Brennon
599,Vittoria,Creffeild
600,Anson,Bozier
601,Brooke,Gouldthorpe
602,Ophelie,Peerless
603,Ros,Rames
604,Parker,Smalecombe
605,Franchot,Vallack
606,Coleman,Mc Carroll
607,Caitrin,Pfeffle
608,Leeanne,Duncan
609,Janela,Bresman
610,Berni,Gapper
611,Borden,Scraney
612,Anatol,Bummfrey
613,Charissa,Giovannazzi
614,Ricki,Robertis
615,Nariko,Dalgarno
616,Hillel,Dodshon
617,Bink,Veighey
618,Grover,Finlater
619,Maurise,Trownson
620,Elvis,Tree
621,Cristen,Reggler
622,Cornela,Heathcott
623,Bob,Scarse
624,Witty,Kapelhoff
625,Payton,Briggs
626,Sarena,Kettleson
627,Wat,Roskam
628,Radcliffe,Dicker
629,Siana,Stripling
630,Margy,Stranger
631,Ennis,Dimnage
632,Fabiano,Hamil
633,Thebault,Giraux
634,Ives,Dartnell
635,Shelden,Dey
636,Jesse,Havelin
637,Etheline,Bolsover
638,Dore,Tokley
639,Elton,Slavin
640,Darrick,Headings
641,Olga,Ilott
642,Daryl,Kinworthy
643,Reube,Charkham
644,Farr,Fahrenbacher
645,Blinny,Dragge
646,Linn,Dudeney
647,Maurise,Truckett
648,Rhys,McMeekan
649,Hope,Mustard
650,Jourdain,Emms
651,Dalia,Perfitt
652,Catie,Melin
653,Walliw,Rosentholer
654,Loraine,Burkman
655,Milka,Keilty
656,Zed,Dumingos
657,Winslow,Braga
658,Alexandra,Propper
659,Sharline,Jonson
660,Alayne,Jaime
661,Fields,Wyburn
662,Creigh,Tierny
663,Julienne,Volcker
664,Paule,Von Der Empten
665,Ely,Daymont
666,Abigael,Darth
667,Kermie,Etock
668,Aluino,Gullivent
669,Cherilynn,Bernlin
670,Kat,Thies
671,Adair,Gurry
672,Kean,Sturton
673,Yelena,Wermerling
674,Wendi,Grise
675,Gardner,Syncke
676,Christyna,Egglestone
677,Kaitlynn,Rouge
678,Kissee,Winmill
679,Celka,Robinett
680,Rolf,Parysowna
681,Viv,Nunn
682,Merrielle,Whylie
683,Hanna,Eadmeades
684,Reinald,Aleveque
685,Alyss,Rodden
686,Silas,Annes
687,Gwyneth,Haslehurst
688,Margery,Rushworth
689,Rosabella,Lambourne
690,Neils,Cossington
691,Whittaker,Gaine of England
692,Phillie,Taunton
693,Ginger,Cornock
694,Collie,Normanvill
695,Leanor,Greatorex
696,Paolo,Seawell
697,Becky,Pelos
698,Margaretha,Campos
699,Gabbie,Bennallck
700,Thomasa,Pyvis
701,Robbyn,Fitzpatrick
702,Valencia,Diment
703,Cthrine,Gavriel
704,Agnese,Hatherley
705,Lilith,McAleese
706,Dorothy,Cusack
707,Floria,Aldham
708,Colver,Rubega
709,Cherie,Buske
710,Junina,Hebbs
711,Jacques,Ricioppo
712,Lucius,Linden
713,Kennie,Jaray
714,Dalenna,Brun
715,Lesley,Acum
716,Haley,Boother
717,Auroora,Yellop
718,Camala,Whyteman
719,Cleopatra,Murrells
720,Michal,Darrigrand
721,Albie,Vallance
722,Corissa,Spiaggia
723,Garwood,Sorsbie
724,Freida,Crang
725,Zoe,O'Calleran
726,Craggie,Ironmonger
727,Sheryl,Picott
728,Debora,Wolfit
729,Timotheus,Yarnall
730,Derry,Cassimer
731,Coraline,Donoghue
732,Jourdain,Brighty
733,Aubrie,Raftery
734,Margaux,Scay
735,Carissa,Cafferty
736,Constantia,Niese
737,Pavlov,Abrahamsen
738,Cam,Giovanazzi
739,Janot,Codd
740,Marris,Capron
741,Myrta,Astupenas
742,Kettie,Tansey
743,Fidelio,Tetley
744,Gregoire,Revell
745,Claudette,Skeath
746,Aggy,Frosch
747,Clary,Lumbers
748,Ronni,Eagleton
749,Lorrie,Tebbe
750,Rafe,Shuttle
751,Dorthea,Reynold
752,Kania,Braddick
753,Hodge,de Broke
754,Dov,Antczak
755,Bron,Runge
756,James,Wetherell
757,Shermie,Rivenzon
758,Auroora,Wilcott
759,Felicdad,Obal
760,Jorge,Cheesworth
761,Coreen,Boyfield
762,Rory,Brugh
763,Maddy,Rubra
764,Nedda,Morcomb
765,Dara,Rubery
766,Layton,Reinisch
767,Abe,Bentame
768,Paulina,Itshak
769,Nicolina,Zanutti
770,Dennis,Pitchers
771,Willard,Wilshin
772,Liesa,Ziebart
773,Sydelle,Rawe
774,Angelique,Hayle
775,Bil,Stoile
776,Luci,Manhood
777,Man,Fuzzey
778,Kathye,Snary
779,Eugen,Ondrak
780,Latia,Sallenger
781,Dulcia,Gabits
782,Artemas,Canepe
783,Desmond,Damiata
784,Sarena,Galero
785,Ilaire,Youell
786,Westleigh,Tiuit
787,Danette,Raubenheimers
788,Corine,Ingliss
789,Warde,Souness
790,Artie,Ransbury
791,Athene,Quarterman
792,Sheila,Breming
793,Enrico,Denis
794,Sibby,Crowe
795,Emelina,Trundell
796,Nikki,Bartolommeo
797,Corabelle,Coode
798,Micah,Martyntsev
799,Florrie,Tether
800,Waldo,McCrae
801,Christine,Culleton
802,Florry,Anthoney
803,Riley,Chasmoor
804,Greg,Dykes
805,Reade,Yitzovitz
806,Clemmie,Ianson
807,Ollie,Pinkstone
808,Karol,Sarge
809,Curtis,Ennever
810,Thorndike,Sibery
811,Norma,Eannetta
812,Lauraine,Portingale
813,Avrit,Damarell
814,Gaultiero,Benning
815,Starlin,Siddell
816,Carena,Khomich
817,Millie,Luttger
818,Danika,Joscelyne
819,Merv,Stammler
820,Jake,Outerbridge
821,Guy,Vitall
822,Bartholomew,Petrello
823,Simeon,Manoelli
824,Lee,Salliss
825,Byram,Kummerlowe
826,Conant,Chippendale
827,Truda,Britian
828,Kalle,Tremlett
829,Sim,Isgar
830,Klemens,Capenor
831,Nonna,Scaife
832,Janice,Wherrett
833,Lory,O'Mohun
834,Orion,Vella
835,Billye,Goodwell
836,Yvonne,Haxby
837,Engelbert,Padberry
838,Kriste,Gold
839,Regan,Picardo
840,Freddy,Henzley
841,Jordon,Mulvy
842,Stafford,Cattlow
843,Roxanna,Pottberry
844,Hans,Ponter
845,Maison,Becerro
846,Wally,Fallis
847,Morie,Fotitt
848,Trudie,Godfrey
849,Mallory,Benza
850,Betta,Millhill
851,Gillie,Strettell
852,Arnuad,Spong
853,Goldie,Blacktin
854,Hortense,Skilbeck
855,Daphene,Raffles
856,Kitty,Arnaudet
857,Pedro,Record
858,Mamie,McClaurie
859,Louis,Bogges
860,Dalila,Brannigan
861,Katy,Fundell
862,Haven,Petworth
863,Dew,Penylton
864,Tisha,Hallatt
865,Aleece,Cornes
866,Arlyne,Barthel
867,Alphonso,Ghirardi
868,Dot,Randell
869,Fabiano,Boatright
870,Gratia,Mowlam
871,Annora,Stirling
872,Kym,Peak
873,Betta,Bonhome
874,Mari,Spindler
875,Alvan,Hocking
876,Braden,Matyas
877,Johnna,Botright
878,Irene,Patterson
879,Bernetta,Wiffill
880,Shelden,Shepperd
881,Delmar,Giottini
882,Iggie,Winyard
883,Frank,Borghese
884,Jania,Wedge
885,Georgine,Wigginton
886,Jasen,Cardew
887,Clio,Labeuil
888,Xymenes,Pothbury
889,Norby,Hopkins
890,Shane,Steketee
891,Kizzie,McFeate
892,Nappie,Cutsforth
893,Tadeas,Manntschke
894,Sadella,McClosh
895,Herbie,Jeanneau
896,Byrann,Bredgeland
897,Halsey,Borzone
898,Granny,Ladewig
899,Claresta,Leaver
900,Timmie,Milberry
901,Rivalee,Chapelhow
902,Ruby,Benjamin
903,Kalie,Spini
904,Malvin,Keaveney
905,Jerrie,Collishaw
906,Devlin,Briat
907,Thelma,Lippitt
908,Natasha,Cliff
909,Rik,Dennerly
910,Broddie,Viollet
911,Gaston,Penylton
912,Cher,Jannequin
913,Jedediah,Ravilious
914,Deborah,Bissill
915,Hashim,Thewlis
916,Lewiss,Lenin
917,Cecily,Basil
918,Cindy,Sargeant
919,Terrence,Ebbens
920,Ulrika,Arrell
921,Emily,Burhill
922,Randi,Kettlesting
923,Fiona,McPartling
924,Laure,Harker
925,Phillis,Crighton
926,Opal,Chattock
927,Armando,Cheeke
928,Adham,Drable
929,Rockey,Dorro
930,Constance,Wozencroft
931,Minette,Glendzer
932,Tynan,Pechard
933,Javier,Crutchfield
934,Herve,Snelman
935,Boigie,Quested
936,Mitchell,Caunce
937,Dun,Sellor
938,Feliks,Bassford
939,Rosette,Beardshaw
940,Gerard,Flament
941,Alysa,Binstead
942,Antony,Bagge
943,Thornie,Melchior
944,Carney,Ceschi
945,Neila,Pykett
946,Tobias,Groven
947,Neille,Ahrens
948,Amii,Snoday
949,Leonid,Leckenby
950,Peyter,Storres
951,Elita,Dignan
952,Blondelle,Urling
953,Sean,Huntress
954,Neysa,Weldon
955,Hogan,Cansdell
956,Garald,Borkett
957,Fernande,Keetley
958,Margalo,Poley
959,Dotti,Bodega
960,Sascha,Tolan
961,Dorey,Barker
962,Wilek,Meeson
963,Seamus,O'Shevlan
964,Freeman,Lutzmann
965,Herta,Malden
966,Karena,Malster
967,Randy,Coulton
968,Valentia,Dulling
969,Essie,Miranda
970,Etheline,Pywell
971,Marian,Lawleff
972,Dudley,Linsley
973,Amara,Duignan
974,Maddy,Yushmanov
975,Reeva,Laurenceau
976,Ruby,Sailes
977,Alverta,Roughsedge
978,Carlie,Ghiriardelli
979,Johanna,Langlais
980,Stephan,Bellham
981,Elsy,McKernan
982,Charin,O'Bradane
983,Forrester,Peto
984,Dew,Chatto
985,Agna,Addison
986,Neddie,Danielovitch
987,Heinrick,Grimmer
988,Elijah,Iscowitz
989,Ringo,Syversen
990,Codi,Whistlecroft
991,Falkner,Weatherhead
992,Halie,Kingswood
993,Blondy,Puckham
994,Frederique,Raffels
995,Haley,Warton
996,Ferrel,Bennis
997,Catherina,Wandrey
998,Karylin,Stratiff
999,Delmore,Lemary
1000,Rosa,Conkay
